580811,Verify Account Position,WI1,Open,2018-03-03
455471,Verify Account Position,WI1,Open,2017-06-24
980871,Verify Account Position,WI1,Open,2018-10-09
917491,Verify Account Position,WI1,Open,2019-03-18
651891,Verify Account Position,WI1,Open,2017-09-24
423881,Verify Account Position,WI1,Open,2018-05-31
576221,Verify Account Position,WI1,Open,2018-05-11
512861,Verify Account Position,WI1,Open,2018-11-11
974551,Verify Account Position,WI1,Open,2017-12-14
477371,Verify Account Position,WI1,Open,2018-11-20
248661,Verify Account Position,WI1,Open,2018-09-22
510741,Verify Account Position,WI1,Open,2019-03-06
217891,Verify Account Position,WI1,Open,2017-03-11
948021,Verify Account Position,WI1,Open,2018-10-13
610231,Verify Account Position,WI1,Open,2018-02-14
858831,Verify Account Position,WI1,Open,2018-01-27
896541,Verify Account Position,WI1,Open,2017-08-26
704191,Verify Account Position,WI1,Open,2017-09-22
373461,Verify Account Position,WI1,Open,2018-06-08
322671,Verify Account Position,WI1,Open,2018-04-14
